{
  "resources": [
    "zombie/zombies.m4a"
  ],
  "spritemap": {
    "1": {
      "start": 0,
      "end": 2.5309750566893423,
      "loop": false
    },
    "2": {
      "start": 14,
      "end": 16.066575963718822,
      "loop": false
    },
    "3": {
      "start": 18,
      "end": 20.25233560090703,
      "loop": false
    },
    "4": {
      "start": 22,
      "end": 23.95047619047619,
      "loop": false
    },
    "5": {
      "start": 25,
      "end": 28.343673469387756,
      "loop": false
    },
    "6": {
      "start": 30,
      "end": 32.90249433106576,
      "loop": false
    },
    "7": {
      "start": 34,
      "end": 37.78485260770975,
      "loop": false
    },
    "8": {
      "start": 39,
      "end": 41.83283446712018,
      "loop": false
    },
    "9": {
      "start": 43,
      "end": 45.856054421768704,
      "loop": false
    },
    "10": {
      "start": 4,
      "end": 7.250793650793651,
      "loop": false
    },
    "11": {
      "start": 9,
      "end": 12.78485260770975,
      "loop": false
    }
  },
  "autoplay": true
}